Date,Hourly/Daily Parking Fees,Monthly/Long-term Parking Passes,Event Parking Fees,Parking Fines and Violations,Lease/Rental of Parking Spaces,Advertising
2022-01-01,4851.04,882.01,0.0,1323.01,441.0,0.0
2022-01-02,5341.81,0.0,1165.49,1456.86,0.0,0.0
2022-01-03,4711.47,0.0,0.0,1284.95,0.0,0.0
2022-01-04,4803.23,0.0,0.0,1309.97,0.0,0.0
2022-01-05,5288.46,0.0,0.0,1442.31,0.0,0.0
2022-01-06,5108.57,0.0,0.0,1393.25,0.0,0.0
2022-01-07,5037.85,0.0,0.0,1373.96,0.0,0.0
2022-01-08,4639.86,0.0,0.0,1265.42,0.0,0.0
2022-01-09,4470.26,0.0,0.0,1219.16,0.0,0.0
2022-01-10,4484.53,0.0,0.0,1223.05,0.0,244.61
2022-01-11,4569.02,0.0,0.0,1246.1,0.0,0.0
2022-01-12,4756.25,0.0,0.0,1297.16,0.0,0.0
2022-01-13,5445.67,0.0,0.0,1485.18,0.0,0.0
2022-01-14,4440.87,0.0,0.0,1211.15,0.0,0.0
2022-01-15,4935.61,0.0,0.0,1346.08,0.0,0.0
2022-01-16,4401.89,0.0,0.0,1200.52,0.0,0.0
2022-01-17,5013.41,0.0,0.0,1367.29,0.0,0.0
2022-01-18,4420.47,0.0,0.0,1205.58,0.0,0.0
2022-01-19,4882.42,0.0,0.0,1331.57,0.0,0.0
2022-01-20,5478.14,0.0,0.0,1494.04,0.0,0.0
2022-01-21,5492.48,0.0,0.0,1497.95,0.0,299.59
2022-01-22,5382.39,0.0,1174.34,1467.92,0.0,0.0
2022-01-23,4601.44,0.0,0.0,1254.94,0.0,0.0
2022-01-24,4401.22,0.0,0.0,1200.33,0.0,0.0
2022-01-25,4915.48,0.0,0.0,1340.59,0.0,0.0
2022-01-26,4506.8,0.0,0.0,1229.13,0.0,0.0
2022-01-27,5435.39,0.0,0.0,1482.38,0.0,0.0
2022-01-28,4597.64,0.0,0.0,1253.9,0.0,0.0
2022-01-29,5237.75,0.0,0.0,1428.48,0.0,0.0
2022-01-30,4762.5,0.0,0.0,1298.86,0.0,0.0
2022-01-31,4577.49,0.0,0.0,1248.41,0.0,0.0
2022-02-01,5071.02,922.0,0.0,1383.0,461.0,0.0
2022-02-02,4660.57,0.0,0.0,1271.06,0.0,0.0
2022-02-03,4690.87,0.0,0.0,1279.33,0.0,0.0
2022-02-04,4963.27,0.0,0.0,1353.62,0.0,0.0
2022-02-05,5328.72,0.0,0.0,1453.29,0.0,0.0
2022-02-06,5102.06,0.0,0.0,1391.47,0.0,0.0
2022-02-07,4642.01,0.0,0.0,1266.0,0.0,0.0
2022-02-08,5115.87,0.0,0.0,1395.24,0.0,0.0
2022-02-09,4921.24,0.0,0.0,1342.16,0.0,0.0
2022-02-10,4921.0,0.0,0.0,1342.09,0.0,0.0
2022-02-11,5286.37,0.0,0.0,1441.74,0.0,0.0
2022-02-12,4782.5,0.0,0.0,1304.32,0.0,0.0
2022-02-13,5464.2,0.0,0.0,1490.24,0.0,0.0
2022-02-14,5332.29,0.0,0.0,1454.26,0.0,0.0
2022-02-15,4771.51,0.0,0.0,1301.32,0.0,0.0
2022-02-16,5067.94,0.0,0.0,1382.16,0.0,0.0
2022-02-17,4976.61,0.0,0.0,1357.26,0.0,0.0
2022-02-18,4653.26,0.0,0.0,1269.07,0.0,0.0
2022-02-19,4529.27,0.0,0.0,1235.26,0.0,0.0
2022-02-20,4528.79,0.0,0.0,1235.12,0.0,0.0
2022-02-21,4740.87,0.0,0.0,1292.96,0.0,0.0
2022-02-22,4785.85,0.0,0.0,1305.23,0.0,0.0
2022-02-23,4971.33,0.0,0.0,1355.82,0.0,0.0
2022-02-24,5315.59,0.0,0.0,1449.71,0.0,0.0
2022-02-25,5278.71,0.0,0.0,1439.65,0.0,0.0
2022-02-26,5197.36,0.0,0.0,1417.46,0.0,0.0
2022-02-27,4500.12,0.0,0.0,1227.31,0.0,0.0
2022-02-28,5357.28,0.0,0.0,1461.08,0.0,0.0
2022-03-01,4970.75,903.77,0.0,1355.66,451.89,0.0
2022-03-02,5253.31,0.0,0.0,1432.72,0.0,0.0
2022-03-03,5087.76,0.0,0.0,1387.57,0.0,0.0
2022-03-04,5095.75,0.0,0.0,1389.75,0.0,0.0
2022-03-05,5430.63,0.0,0.0,1481.08,0.0,0.0
2022-03-06,5233.14,0.0,1141.78,1427.22,0.0,0.0
2022-03-07,5257.75,0.0,0.0,1433.93,0.0,286.79
2022-03-08,5217.36,0.0,0.0,1422.92,0.0,0.0
2022-03-09,5095.84,0.0,0.0,1389.77,0.0,277.95
2022-03-10,4811.13,0.0,0.0,1312.13,0.0,0.0
2022-03-11,5257.86,0.0,0.0,1433.96,0.0,0.0
2022-03-12,5328.52,0.0,0.0,1453.23,0.0,0.0
2022-03-13,5262.6,0.0,0.0,1435.26,0.0,0.0
2022-03-14,5019.36,0.0,0.0,1368.92,0.0,0.0
2022-03-15,4402.2,0.0,0.0,1200.6,0.0,0.0
2022-03-16,4881.68,0.0,0.0,1331.37,0.0,0.0
2022-03-17,4761.64,0.0,0.0,1298.63,0.0,0.0
2022-03-18,4935.33,0.0,0.0,1346.0,0.0,0.0
2022-03-19,5139.39,0.0,0.0,1401.65,0.0,0.0
2022-03-20,5433.55,0.0,0.0,1481.88,0.0,0.0
2022-03-21,5063.56,0.0,0.0,1380.97,0.0,0.0
2022-03-22,4856.84,0.0,0.0,1324.59,0.0,0.0
2022-03-23,4852.89,0.0,0.0,1323.52,0.0,0.0
2022-03-24,4859.45,0.0,0.0,1325.3,0.0,0.0
2022-03-25,4487.86,0.0,0.0,1223.96,0.0,0.0
2022-03-26,4710.48,0.0,0.0,1284.68,0.0,0.0
2022-03-27,4557.54,0.0,0.0,1242.97,0.0,0.0
2022-03-28,4498.3,0.0,0.0,1226.81,0.0,0.0
2022-03-29,4413.95,0.0,0.0,1203.8,0.0,0.0
2022-03-30,5472.27,0.0,0.0,1492.44,0.0,0.0
2022-03-31,5017.34,0.0,0.0,1368.36,0.0,0.0
2022-04-01,5286.5,961.18,0.0,1441.77,480.59,0.0
2022-04-02,4953.66,0.0,0.0,1351.0,0.0,0.0
2022-04-03,5261.42,0.0,1147.95,1434.93,0.0,0.0
2022-04-04,5399.83,0.0,0.0,1472.68,0.0,0.0
2022-04-05,5260.06,0.0,0.0,1434.56,0.0,0.0
2022-04-06,4518.64,0.0,0.0,1232.36,0.0,0.0
2022-04-07,5063.12,0.0,0.0,1380.85,0.0,0.0
2022-04-08,4625.49,0.0,0.0,1261.5,0.0,0.0
2022-04-09,5356.4,0.0,0.0,1460.84,0.0,0.0
2022-04-10,5305.25,0.0,0.0,1446.89,0.0,0.0
2022-04-11,5395.27,0.0,0.0,1471.44,0.0,0.0
2022-04-12,4850.65,0.0,0.0,1322.9,0.0,0.0
2022-04-13,4990.94,0.0,0.0,1361.17,0.0,0.0
2022-04-14,4772.59,0.0,0.0,1301.61,0.0,0.0
2022-04-15,4479.07,0.0,0.0,1221.57,0.0,0.0
2022-04-16,4965.39,0.0,0.0,1354.2,0.0,0.0
2022-04-17,5061.91,0.0,0.0,1380.52,0.0,0.0
2022-04-18,5360.97,0.0,0.0,1462.08,0.0,0.0
2022-04-19,4686.91,0.0,0.0,1278.25,0.0,255.65
2022-04-20,5233.69,0.0,0.0,1427.37,0.0,285.47
2022-04-21,4729.78,0.0,0.0,1289.94,0.0,0.0
2022-04-22,4609.93,0.0,0.0,1257.25,0.0,0.0
2022-04-23,5080.45,0.0,0.0,1385.58,0.0,0.0
2022-04-24,5450.61,0.0,0.0,1486.53,0.0,0.0
2022-04-25,5015.73,0.0,0.0,1367.93,0.0,0.0
2022-04-26,5365.47,0.0,0.0,1463.31,0.0,0.0
2022-04-27,5089.3,0.0,0.0,1387.99,0.0,0.0
2022-04-28,4600.96,0.0,0.0,1254.81,0.0,0.0
2022-04-29,5358.87,0.0,0.0,1461.51,0.0,0.0
2022-04-30,5194.82,0.0,0.0,1416.77,0.0,0.0
2022-05-01,5145.38,935.52,1122.63,1403.28,467.76,0.0
2022-05-02,4856.3,0.0,0.0,1324.45,0.0,0.0
2022-05-03,4675.74,0.0,0.0,1275.2,0.0,0.0
2022-05-04,4947.49,0.0,0.0,1349.32,0.0,0.0
2022-05-05,5407.58,0.0,0.0,1474.8,0.0,0.0
2022-05-06,4469.53,0.0,0.0,1218.96,0.0,0.0
2022-05-07,4811.94,0.0,0.0,1312.35,0.0,0.0
2022-05-08,5248.67,0.0,0.0,1431.45,0.0,0.0
2022-05-09,5201.15,0.0,0.0,1418.5,0.0,283.7
2022-05-10,4582.66,0.0,0.0,1249.82,0.0,0.0
2022-05-11,5130.24,0.0,0.0,1399.16,0.0,0.0
2022-05-12,5291.94,0.0,0.0,1443.26,0.0,0.0
2022-05-13,5464.22,0.0,0.0,1490.24,0.0,0.0
2022-05-14,4499.6,0.0,0.0,1227.16,0.0,0.0
2022-05-15,5398.49,0.0,0.0,1472.31,0.0,0.0
2022-05-16,4781.98,0.0,0.0,1304.18,0.0,0.0
2022-05-17,4935.84,0.0,0.0,1346.14,0.0,0.0
2022-05-18,5234.4,0.0,0.0,1427.56,0.0,0.0
2022-05-19,4694.2,0.0,0.0,1280.24,0.0,0.0
2022-05-20,4764.37,0.0,0.0,1299.37,0.0,0.0
2022-05-21,5426.47,0.0,0.0,1479.95,0.0,0.0
2022-05-22,5355.58,0.0,0.0,1460.61,0.0,0.0
2022-05-23,4556.46,0.0,0.0,1242.67,0.0,0.0
2022-05-24,4689.74,0.0,0.0,1279.02,0.0,0.0
2022-05-25,4764.59,0.0,0.0,1299.43,0.0,0.0
2022-05-26,5406.63,0.0,0.0,1474.53,0.0,0.0
2022-05-27,4959.51,0.0,0.0,1352.59,0.0,0.0
2022-05-28,4801.13,0.0,0.0,1309.4,0.0,261.88
2022-05-29,4790.63,0.0,0.0,1306.54,0.0,0.0
2022-05-30,5100.26,0.0,0.0,1390.98,0.0,0.0
2022-05-31,4604.33,0.0,0.0,1255.73,0.0,0.0
2022-06-01,4403.23,800.59,0.0,1200.88,400.29,0.0
2022-06-02,4710.17,0.0,0.0,1284.59,0.0,0.0
2022-06-03,4942.04,0.0,0.0,1347.83,0.0,0.0
2022-06-04,5171.91,0.0,0.0,1410.52,0.0,282.1
2022-06-05,4622.87,0.0,1008.63,1260.78,0.0,0.0
2022-06-06,5105.48,0.0,0.0,1392.4,0.0,0.0
2022-06-07,4459.22,0.0,0.0,1216.15,0.0,0.0
2022-06-08,4941.49,0.0,0.0,1347.68,0.0,0.0
2022-06-09,4564.7,0.0,0.0,1244.92,0.0,0.0
2022-06-10,5240.98,0.0,0.0,1429.36,0.0,0.0
2022-06-11,5442.04,0.0,0.0,1484.19,0.0,0.0
2022-06-12,5074.27,0.0,0.0,1383.89,0.0,0.0
2022-06-13,5261.06,0.0,0.0,1434.84,0.0,0.0
2022-06-14,5005.5,0.0,0.0,1365.14,0.0,0.0
2022-06-15,4742.15,0.0,0.0,1293.31,0.0,0.0
2022-06-16,4862.63,0.0,0.0,1326.17,0.0,0.0
2022-06-17,5295.72,0.0,0.0,1444.29,0.0,0.0
2022-06-18,4811.91,0.0,1049.87,1312.34,0.0,0.0
2022-06-19,5354.48,0.0,0.0,1460.31,0.0,0.0
2022-06-20,4591.23,0.0,0.0,1252.15,0.0,0.0
2022-06-21,4445.46,0.0,0.0,1212.4,0.0,0.0
2022-06-22,4727.4,0.0,0.0,1289.29,0.0,0.0
2022-06-23,4896.28,0.0,0.0,1335.35,0.0,0.0
2022-06-24,4589.25,0.0,0.0,1251.61,0.0,0.0
2022-06-25,4520.21,0.0,986.23,1232.78,0.0,0.0
2022-06-26,4483.47,0.0,0.0,1222.77,0.0,244.55
2022-06-27,5029.16,0.0,0.0,1371.59,0.0,0.0
2022-06-28,5062.16,0.0,0.0,1380.59,0.0,0.0
2022-06-29,5489.47,0.0,0.0,1497.13,0.0,0.0
2022-06-30,5276.76,0.0,0.0,1439.12,0.0,287.82
2022-07-01,4886.22,888.4,0.0,1332.61,444.2,0.0
2022-07-02,5076.36,0.0,1107.57,1384.46,0.0,0.0
2022-07-03,4638.69,0.0,0.0,1265.1,0.0,0.0
2022-07-04,5136.77,0.0,0.0,1400.94,0.0,0.0
2022-07-05,4839.35,0.0,0.0,1319.82,0.0,0.0
2022-07-06,4997.84,0.0,0.0,1363.05,0.0,272.61
2022-07-07,5205.15,0.0,0.0,1419.59,0.0,0.0
2022-07-08,5111.91,0.0,0.0,1394.16,0.0,0.0
2022-07-09,4758.04,0.0,1038.12,1297.65,0.0,0.0
2022-07-10,5378.13,0.0,1173.41,1466.76,0.0,0.0
2022-07-11,4897.7,0.0,0.0,1335.74,0.0,0.0
2022-07-12,4719.18,0.0,0.0,1287.05,0.0,0.0
2022-07-13,4736.65,0.0,0.0,1291.81,0.0,0.0
2022-07-14,5332.72,0.0,0.0,1454.38,0.0,0.0
2022-07-15,5290.25,0.0,0.0,1442.8,0.0,0.0
2022-07-16,4571.55,0.0,0.0,1246.79,0.0,0.0
2022-07-17,5386.76,0.0,0.0,1469.12,0.0,0.0
2022-07-18,5003.76,0.0,0.0,1364.66,0.0,0.0
2022-07-19,4923.02,0.0,0.0,1342.64,0.0,268.53
2022-07-20,5387.4,0.0,0.0,1469.29,0.0,0.0
2022-07-21,5454.0,0.0,0.0,1487.45,0.0,0.0
2022-07-22,4807.39,0.0,0.0,1311.11,0.0,0.0
2022-07-23,5123.67,0.0,0.0,1397.37,0.0,0.0
2022-07-24,4676.45,0.0,0.0,1275.4,0.0,0.0
2022-07-25,4954.28,0.0,0.0,1351.17,0.0,0.0
2022-07-26,5175.89,0.0,0.0,1411.61,0.0,0.0
2022-07-27,5026.2,0.0,0.0,1370.78,0.0,0.0
2022-07-28,5164.65,0.0,0.0,1408.54,0.0,0.0
2022-07-29,4734.95,0.0,0.0,1291.35,0.0,0.0
2022-07-30,4940.58,0.0,1077.95,1347.43,0.0,0.0
2022-07-31,4527.5,0.0,0.0,1234.77,0.0,0.0
2022-08-01,5285.19,960.94,0.0,1441.42,480.47,0.0
2022-08-02,5110.27,0.0,0.0,1393.71,0.0,278.74
2022-08-03,4540.79,0.0,0.0,1238.4,0.0,0.0
2022-08-04,5142.17,0.0,0.0,1402.41,0.0,0.0
2022-08-05,4614.2,0.0,0.0,1258.42,0.0,0.0
2022-08-06,5176.33,0.0,0.0,1411.73,0.0,0.0
2022-08-07,5026.09,0.0,0.0,1370.75,0.0,0.0
2022-08-08,5128.78,0.0,0.0,1398.76,0.0,0.0
2022-08-09,4706.56,0.0,0.0,1283.61,0.0,0.0
2022-08-10,5429.12,0.0,0.0,1480.67,0.0,0.0
2022-08-11,5453.05,0.0,0.0,1487.2,0.0,0.0
2022-08-12,4567.29,0.0,0.0,1245.62,0.0,249.12
2022-08-13,5464.04,0.0,0.0,1490.19,0.0,298.04
2022-08-14,4734.21,0.0,1032.92,1291.15,0.0,0.0
2022-08-15,4607.5,0.0,0.0,1256.59,0.0,0.0
2022-08-16,5052.81,0.0,0.0,1378.04,0.0,0.0
2022-08-17,5384.02,0.0,0.0,1468.37,0.0,0.0
2022-08-18,5021.82,0.0,0.0,1369.59,0.0,273.92
2022-08-19,5262.63,0.0,0.0,1435.26,0.0,0.0
2022-08-20,4930.26,0.0,0.0,1344.62,0.0,0.0
2022-08-21,5133.19,0.0,1119.97,1399.96,0.0,0.0
2022-08-22,4645.45,0.0,0.0,1266.94,0.0,0.0
2022-08-23,4471.19,0.0,0.0,1219.42,0.0,0.0
2022-08-24,4573.94,0.0,0.0,1247.44,0.0,0.0
2022-08-25,5095.54,0.0,0.0,1389.69,0.0,0.0
2022-08-26,4712.45,0.0,0.0,1285.21,0.0,257.04
2022-08-27,4851.85,0.0,1058.59,1323.23,0.0,0.0
2022-08-28,4502.5,0.0,0.0,1227.95,0.0,0.0
2022-08-29,5369.35,0.0,0.0,1464.37,0.0,0.0
2022-08-30,4929.0,0.0,0.0,1344.27,0.0,0.0
2022-08-31,4992.2,0.0,0.0,1361.51,0.0,0.0
2022-09-01,4873.25,886.04,0.0,1329.07,443.02,0.0
2022-09-02,5102.16,0.0,0.0,1391.5,0.0,0.0
2022-09-03,4469.39,0.0,975.14,1218.92,0.0,0.0
2022-09-04,5132.77,0.0,1119.88,1399.85,0.0,0.0
2022-09-05,4720.13,0.0,0.0,1287.31,0.0,0.0
2022-09-06,4404.42,0.0,0.0,1201.21,0.0,0.0
2022-09-07,4863.54,0.0,0.0,1326.42,0.0,0.0
2022-09-08,4638.1,0.0,0.0,1264.94,0.0,0.0
2022-09-09,4814.49,0.0,0.0,1313.04,0.0,0.0
2022-09-10,4785.01,0.0,0.0,1305.0,0.0,261.0
2022-09-11,5256.14,0.0,0.0,1433.49,0.0,286.7
2022-09-12,5350.55,0.0,0.0,1459.24,0.0,0.0
2022-09-13,4422.64,0.0,0.0,1206.17,0.0,0.0
2022-09-14,4775.58,0.0,0.0,1302.43,0.0,0.0
2022-09-15,4910.98,0.0,0.0,1339.36,0.0,267.87
2022-09-16,5354.1,0.0,0.0,1460.21,0.0,0.0
2022-09-17,4635.27,0.0,0.0,1264.16,0.0,0.0
2022-09-18,4677.49,0.0,0.0,1275.68,0.0,0.0
2022-09-19,5352.22,0.0,0.0,1459.7,0.0,0.0
2022-09-20,4651.07,0.0,0.0,1268.47,0.0,0.0
2022-09-21,4606.24,0.0,0.0,1256.25,0.0,0.0
2022-09-22,4743.73,0.0,0.0,1293.74,0.0,0.0
2022-09-23,5452.56,0.0,0.0,1487.06,0.0,0.0
2022-09-24,4653.64,0.0,0.0,1269.18,0.0,0.0
2022-09-25,5258.48,0.0,0.0,1434.13,0.0,0.0
2022-09-26,5459.68,0.0,0.0,1489.0,0.0,0.0
2022-09-27,4884.09,0.0,0.0,1332.02,0.0,0.0
2022-09-28,5463.91,0.0,0.0,1490.16,0.0,0.0
2022-09-29,4418.89,0.0,0.0,1205.15,0.0,0.0
2022-09-30,4515.3,0.0,0.0,1231.45,0.0,0.0
2022-10-01,4828.3,877.87,0.0,1316.81,438.94,0.0
2022-10-02,5257.16,0.0,0.0,1433.77,0.0,0.0
2022-10-03,5006.54,0.0,0.0,1365.42,0.0,273.08
2022-10-04,4516.29,0.0,0.0,1231.71,0.0,0.0
2022-10-05,4436.97,0.0,0.0,1210.08,0.0,0.0
2022-10-06,4473.34,0.0,0.0,1220.0,0.0,0.0
2022-10-07,4619.37,0.0,0.0,1259.83,0.0,0.0
2022-10-08,5262.72,0.0,0.0,1435.29,0.0,287.06
2022-10-09,5486.24,0.0,0.0,1496.25,0.0,0.0
2022-10-10,5418.79,0.0,0.0,1477.85,0.0,0.0
2022-10-11,5449.28,0.0,0.0,1486.17,0.0,0.0
2022-10-12,5350.41,0.0,0.0,1459.2,0.0,0.0
2022-10-13,5376.06,0.0,0.0,1466.2,0.0,0.0
2022-10-14,4756.44,0.0,0.0,1297.21,0.0,0.0
2022-10-15,5079.29,0.0,0.0,1385.26,0.0,0.0
2022-10-16,5416.44,0.0,1181.77,1477.21,0.0,0.0
2022-10-17,4917.74,0.0,0.0,1341.2,0.0,0.0
2022-10-18,4534.71,0.0,0.0,1236.74,0.0,0.0
2022-10-19,4799.7,0.0,0.0,1309.01,0.0,0.0
2022-10-20,4640.93,0.0,0.0,1265.71,0.0,0.0
2022-10-21,5357.52,0.0,0.0,1461.14,0.0,0.0
2022-10-22,5174.76,0.0,0.0,1411.3,0.0,0.0
2022-10-23,5158.73,0.0,1125.54,1406.93,0.0,0.0
2022-10-24,4735.19,0.0,0.0,1291.42,0.0,258.28
2022-10-25,4578.44,0.0,0.0,1248.67,0.0,0.0
2022-10-26,5355.25,0.0,0.0,1460.52,0.0,0.0
2022-10-27,4846.69,0.0,0.0,1321.83,0.0,0.0
2022-10-28,4883.87,0.0,0.0,1331.96,0.0,0.0
2022-10-29,4890.65,0.0,1067.05,1333.81,0.0,0.0
2022-10-30,4459.66,0.0,0.0,1216.27,0.0,243.25
2022-10-31,5357.58,0.0,0.0,1461.16,0.0,0.0
2022-11-01,4546.19,826.58,0.0,1239.87,413.29,0.0
2022-11-02,4724.96,0.0,0.0,1288.62,0.0,257.72
2022-11-03,4781.14,0.0,0.0,1303.95,0.0,0.0
2022-11-04,4790.6,0.0,0.0,1306.53,0.0,0.0
2022-11-05,4827.28,0.0,0.0,1316.53,0.0,0.0
2022-11-06,4939.45,0.0,0.0,1347.12,0.0,0.0
2022-11-07,4761.43,0.0,0.0,1298.57,0.0,0.0
2022-11-08,5176.49,0.0,0.0,1411.77,0.0,282.35
2022-11-09,5356.25,0.0,0.0,1460.8,0.0,292.16
2022-11-10,4572.43,0.0,0.0,1247.03,0.0,0.0
2022-11-11,4890.45,0.0,0.0,1333.76,0.0,266.75
2022-11-12,4433.04,0.0,0.0,1209.01,0.0,0.0
2022-11-13,4481.37,0.0,0.0,1222.19,0.0,0.0
2022-11-14,5260.37,0.0,0.0,1434.65,0.0,0.0
2022-11-15,4977.85,0.0,0.0,1357.59,0.0,0.0
2022-11-16,4554.42,0.0,0.0,1242.11,0.0,0.0
2022-11-17,5494.66,0.0,0.0,1498.54,0.0,0.0
2022-11-18,5141.18,0.0,0.0,1402.14,0.0,0.0
2022-11-19,5114.58,0.0,1115.91,1394.89,0.0,0.0
2022-11-20,4668.77,0.0,0.0,1273.3,0.0,0.0
2022-11-21,4513.74,0.0,0.0,1231.02,0.0,0.0
2022-11-22,5057.68,0.0,0.0,1379.37,0.0,0.0
2022-11-23,4918.97,0.0,0.0,1341.54,0.0,0.0
2022-11-24,4512.75,0.0,0.0,1230.75,0.0,0.0
2022-11-25,4412.56,0.0,0.0,1203.43,0.0,240.69
2022-11-26,4438.47,0.0,0.0,1210.49,0.0,0.0
2022-11-27,4813.9,0.0,0.0,1312.88,0.0,0.0
2022-11-28,4592.17,0.0,0.0,1252.41,0.0,0.0
2022-11-29,5429.56,0.0,0.0,1480.79,0.0,0.0
2022-11-30,5198.89,0.0,0.0,1417.88,0.0,0.0
2022-12-01,4788.53,870.64,0.0,1305.96,435.32,0.0
2022-12-02,4654.77,0.0,0.0,1269.48,0.0,0.0
2022-12-03,4971.45,0.0,0.0,1355.85,0.0,271.17
2022-12-04,4547.44,0.0,0.0,1240.21,0.0,0.0
2022-12-05,4456.53,0.0,0.0,1215.42,0.0,0.0
2022-12-06,4621.61,0.0,0.0,1260.44,0.0,0.0
2022-12-07,5362.44,0.0,0.0,1462.48,0.0,0.0
2022-12-08,4625.73,0.0,0.0,1261.56,0.0,0.0
2022-12-09,4701.8,0.0,0.0,1282.31,0.0,256.46
2022-12-10,5470.13,0.0,0.0,1491.85,0.0,0.0
2022-12-11,5392.24,0.0,0.0,1470.61,0.0,0.0
2022-12-12,4613.71,0.0,0.0,1258.29,0.0,0.0
2022-12-13,5458.43,0.0,0.0,1488.66,0.0,0.0
2022-12-14,4483.63,0.0,0.0,1222.81,0.0,0.0
2022-12-15,4652.68,0.0,0.0,1268.91,0.0,0.0
2022-12-16,5002.09,0.0,0.0,1364.21,0.0,0.0
2022-12-17,5384.22,0.0,0.0,1468.42,0.0,293.68
2022-12-18,4470.97,0.0,0.0,1219.36,0.0,0.0
2022-12-19,5488.76,0.0,0.0,1496.93,0.0,0.0
2022-12-20,4981.56,0.0,0.0,1358.61,0.0,0.0
2022-12-21,5452.32,0.0,0.0,1487.0,0.0,0.0
2022-12-22,4657.69,0.0,0.0,1270.28,0.0,0.0
2022-12-23,5376.12,0.0,0.0,1466.22,0.0,0.0
2022-12-24,4908.79,0.0,1071.01,1338.76,0.0,0.0
2022-12-25,4998.11,0.0,0.0,1363.12,0.0,0.0
2022-12-26,4552.36,0.0,0.0,1241.55,0.0,0.0
2022-12-27,5244.7,0.0,0.0,1430.37,0.0,0.0
2022-12-28,5122.7,0.0,0.0,1397.1,0.0,279.42
2022-12-29,4532.81,0.0,0.0,1236.22,0.0,0.0
2022-12-30,5217.46,0.0,0.0,1422.94,0.0,0.0
2022-12-31,4490.46,0.0,0.0,1224.67,0.0,0.0
2023-01-01,4850.98,776.16,970.2,2134.43,388.08,0.0
2023-01-02,5327.78,0.0,0.0,2344.22,0.0,0.0
2023-01-03,5501.83,0.0,0.0,2420.81,0.0,0.0
2023-01-04,5346.27,0.0,0.0,2352.36,0.0,0.0
2023-01-05,5294.84,0.0,0.0,2329.73,0.0,0.0
2023-01-06,5143.05,0.0,0.0,2262.94,0.0,0.0
2023-01-07,4905.43,0.0,0.0,2158.39,0.0,0.0
2023-01-08,4902.81,0.0,0.0,2157.23,0.0,0.0
2023-01-09,4665.65,0.0,0.0,2052.89,0.0,0.0
2023-01-10,4747.16,0.0,0.0,2088.75,0.0,0.0
2023-01-11,4896.4,0.0,0.0,2154.41,0.0,0.0
2023-01-12,5115.04,0.0,0.0,2250.62,0.0,0.0
2023-01-13,5681.57,0.0,0.0,2499.89,0.0,0.0
2023-01-14,4841.22,0.0,0.0,2130.14,0.0,0.0
2023-01-15,4868.51,0.0,973.7,2142.15,0.0,0.0
2023-01-16,4924.77,0.0,0.0,2166.9,0.0,0.0
2023-01-17,5514.41,0.0,0.0,2426.34,0.0,0.0
2023-01-18,5101.17,0.0,0.0,2244.52,0.0,0.0
2023-01-19,5069.5,0.0,0.0,2230.58,0.0,0.0
2023-01-20,5292.09,0.0,0.0,2328.52,0.0,0.0
2023-01-21,4940.61,0.0,0.0,2173.87,0.0,0.0
2023-01-22,5499.46,0.0,1099.89,2419.76,0.0,659.94
2023-01-23,4901.48,0.0,0.0,2156.65,0.0,0.0
2023-01-24,4636.59,0.0,0.0,2040.1,0.0,556.39
2023-01-25,5485.96,0.0,0.0,2413.82,0.0,0.0
2023-01-26,5498.09,0.0,0.0,2419.16,0.0,0.0
2023-01-27,5293.75,0.0,0.0,2329.25,0.0,0.0
2023-01-28,5258.34,0.0,0.0,2313.67,0.0,0.0
2023-01-29,4857.97,0.0,0.0,2137.51,0.0,0.0
2023-01-30,4992.87,0.0,0.0,2196.86,0.0,0.0
2023-01-31,5019.26,0.0,0.0,2208.48,0.0,0.0
2023-02-01,5237.97,838.07,0.0,2304.71,419.04,0.0
2023-02-02,5133.08,0.0,0.0,2258.56,0.0,0.0
2023-02-03,5035.34,0.0,0.0,2215.55,0.0,0.0
2023-02-04,4649.74,0.0,929.95,2045.89,0.0,0.0
2023-02-05,5592.31,0.0,0.0,2460.62,0.0,0.0
2023-02-06,4856.72,0.0,0.0,2136.96,0.0,0.0
2023-02-07,4692.2,0.0,0.0,2064.57,0.0,0.0
2023-02-08,5474.81,0.0,0.0,2408.92,0.0,0.0
2023-02-09,5419.77,0.0,0.0,2384.7,0.0,0.0
2023-02-10,5740.92,0.0,0.0,2526.01,0.0,0.0
2023-02-11,4733.53,0.0,0.0,2082.75,0.0,0.0
2023-02-12,4881.36,0.0,976.27,2147.8,0.0,0.0
2023-02-13,5602.17,0.0,0.0,2464.96,0.0,0.0
2023-02-14,5403.89,0.0,0.0,2377.71,0.0,0.0
2023-02-15,5296.89,0.0,0.0,2330.63,0.0,635.63
2023-02-16,4765.08,0.0,0.0,2096.64,0.0,0.0
2023-02-17,5363.27,0.0,0.0,2359.84,0.0,0.0
2023-02-18,4942.26,0.0,0.0,2174.6,0.0,0.0
2023-02-19,4928.02,0.0,0.0,2168.33,0.0,0.0
2023-02-20,4853.35,0.0,0.0,2135.47,0.0,0.0
2023-02-21,5224.35,0.0,0.0,2298.72,0.0,0.0
2023-02-22,5287.64,0.0,0.0,2326.56,0.0,0.0
2023-02-23,5273.02,0.0,0.0,2320.13,0.0,0.0
2023-02-24,5701.97,0.0,0.0,2508.87,0.0,0.0
2023-02-25,4826.41,0.0,0.0,2123.62,0.0,0.0
2023-02-26,4974.42,0.0,0.0,2188.75,0.0,0.0
2023-02-27,5740.11,0.0,0.0,2525.65,0.0,0.0
2023-02-28,4791.37,0.0,0.0,2108.2,0.0,0.0
2023-03-01,5311.41,849.83,0.0,2337.02,424.91,0.0
2023-03-02,5102.16,0.0,0.0,2244.95,0.0,0.0
2023-03-03,4769.85,0.0,0.0,2098.73,0.0,0.0
2023-03-04,5740.7,0.0,0.0,2525.91,0.0,0.0
2023-03-05,5303.18,0.0,0.0,2333.4,0.0,0.0
2023-03-06,5468.16,0.0,0.0,2405.99,0.0,0.0
2023-03-07,5374.79,0.0,0.0,2364.91,0.0,0.0
2023-03-08,5699.07,0.0,0.0,2507.59,0.0,0.0
2023-03-09,5500.45,0.0,0.0,2420.2,0.0,0.0
2023-03-10,5095.3,0.0,0.0,2241.93,0.0,0.0
2023-03-11,5629.88,0.0,0.0,2477.15,0.0,0.0
2023-03-12,4705.77,0.0,0.0,2070.54,0.0,0.0
2023-03-13,5547.33,0.0,0.0,2440.83,0.0,0.0
2023-03-14,5268.05,0.0,0.0,2317.94,0.0,0.0
2023-03-15,5354.83,0.0,0.0,2356.12,0.0,0.0
2023-03-16,5025.05,0.0,0.0,2211.02,0.0,0.0
2023-03-17,4633.16,0.0,0.0,2038.59,0.0,0.0
2023-03-18,5704.77,0.0,0.0,2510.1,0.0,0.0
2023-03-19,5010.03,0.0,0.0,2204.41,0.0,0.0
2023-03-20,5570.61,0.0,0.0,2451.07,0.0,0.0
2023-03-21,4776.0,0.0,0.0,2101.44,0.0,0.0
2023-03-22,5522.77,0.0,0.0,2430.02,0.0,0.0
2023-03-23,5156.52,0.0,0.0,2268.87,0.0,0.0
2023-03-24,5136.74,0.0,0.0,2260.16,0.0,0.0
2023-03-25,5722.79,0.0,0.0,2518.03,0.0,0.0
2023-03-26,5282.86,0.0,0.0,2324.46,0.0,0.0
2023-03-27,4807.8,0.0,0.0,2115.43,0.0,0.0
2023-03-28,5363.1,0.0,0.0,2359.76,0.0,0.0
2023-03-29,4708.67,0.0,0.0,2071.81,0.0,0.0
2023-03-30,5226.19,0.0,0.0,2299.52,0.0,0.0
2023-03-31,5687.16,0.0,0.0,2502.35,0.0,0.0
2023-04-01,5252.03,840.32,0.0,2310.89,420.16,0.0
2023-04-02,5197.83,0.0,0.0,2287.04,0.0,0.0
2023-04-03,5708.31,0.0,0.0,2511.66,0.0,0.0
2023-04-04,5059.39,0.0,0.0,2226.13,0.0,0.0
2023-04-05,5626.76,0.0,0.0,2475.78,0.0,0.0
2023-04-06,5522.47,0.0,0.0,2429.89,0.0,0.0
2023-04-07,5182.41,0.0,0.0,2280.26,0.0,0.0
2023-04-08,5148.65,0.0,0.0,2265.4,0.0,0.0
2023-04-09,5394.21,0.0,0.0,2373.45,0.0,0.0
2023-04-10,5285.29,0.0,0.0,2325.53,0.0,0.0
2023-04-11,4862.22,0.0,0.0,2139.38,0.0,0.0
2023-04-12,5121.85,0.0,0.0,2253.61,0.0,614.62
2023-04-13,4663.58,0.0,0.0,2051.97,0.0,0.0
2023-04-14,5113.37,0.0,0.0,2249.88,0.0,0.0
2023-04-15,5673.28,0.0,0.0,2496.24,0.0,0.0
2023-04-16,4708.39,0.0,941.68,2071.69,0.0,0.0
2023-04-17,5138.97,0.0,0.0,2261.15,0.0,0.0
2023-04-18,5302.31,0.0,0.0,2333.02,0.0,0.0
2023-04-19,4627.11,0.0,0.0,2035.93,0.0,0.0
2023-04-20,5041.79,0.0,0.0,2218.39,0.0,0.0
2023-04-21,5703.5,0.0,0.0,2509.54,0.0,0.0
2023-04-22,5139.09,0.0,0.0,2261.2,0.0,0.0
2023-04-23,4697.89,0.0,0.0,2067.07,0.0,0.0
2023-04-24,4788.23,0.0,0.0,2106.82,0.0,0.0
2023-04-25,4934.45,0.0,0.0,2171.16,0.0,592.13
2023-04-26,5264.29,0.0,0.0,2316.29,0.0,0.0
2023-04-27,5594.58,0.0,0.0,2461.61,0.0,0.0
2023-04-28,5748.07,0.0,0.0,2529.15,0.0,0.0
2023-04-29,4621.55,0.0,0.0,2033.48,0.0,0.0
2023-04-30,5516.51,0.0,1103.3,2427.27,0.0,0.0
2023-05-01,4617.16,738.75,0.0,2031.55,369.37,0.0
2023-05-02,4834.01,0.0,0.0,2126.97,0.0,580.08
2023-05-03,4822.49,0.0,0.0,2121.9,0.0,0.0
2023-05-04,5193.68,0.0,0.0,2285.22,0.0,623.24
2023-05-05,4621.06,0.0,0.0,2033.27,0.0,0.0
2023-05-06,4878.95,0.0,0.0,2146.74,0.0,0.0
2023-05-07,5282.54,0.0,0.0,2324.32,0.0,0.0
2023-05-08,5713.33,0.0,0.0,2513.87,0.0,0.0
2023-05-09,4603.4,0.0,0.0,2025.49,0.0,0.0
2023-05-10,5634.53,0.0,0.0,2479.19,0.0,676.14
2023-05-11,5556.72,0.0,0.0,2444.96,0.0,0.0
2023-05-12,4673.19,0.0,0.0,2056.2,0.0,0.0
2023-05-13,4940.64,0.0,988.13,2173.88,0.0,0.0
2023-05-14,5264.69,0.0,0.0,2316.46,0.0,0.0
2023-05-15,4678.13,0.0,0.0,2058.38,0.0,0.0
2023-05-16,5513.59,0.0,0.0,2425.98,0.0,0.0
2023-05-17,5487.04,0.0,0.0,2414.3,0.0,0.0
2023-05-18,5410.66,0.0,0.0,2380.69,0.0,0.0
2023-05-19,5419.1,0.0,0.0,2384.4,0.0,0.0
2023-05-20,5011.21,0.0,1002.24,2204.93,0.0,0.0
2023-05-21,5728.14,0.0,0.0,2520.38,0.0,0.0
2023-05-22,5740.53,0.0,0.0,2525.83,0.0,0.0
2023-05-23,5235.53,0.0,0.0,2303.63,0.0,0.0
2023-05-24,4755.64,0.0,0.0,2092.48,0.0,0.0
2023-05-25,5178.15,0.0,0.0,2278.39,0.0,0.0
2023-05-26,4649.46,0.0,0.0,2045.76,0.0,557.94
2023-05-27,4630.82,0.0,0.0,2037.56,0.0,0.0
2023-05-28,4846.83,0.0,0.0,2132.6,0.0,0.0
2023-05-29,5433.77,0.0,0.0,2390.86,0.0,0.0
2023-05-30,4605.62,0.0,0.0,2026.47,0.0,0.0
2023-05-31,5682.42,0.0,0.0,2500.26,0.0,0.0
2023-06-01,5737.77,918.04,0.0,2524.62,459.02,0.0
2023-06-02,4865.16,0.0,0.0,2140.67,0.0,0.0
2023-06-03,5473.28,0.0,0.0,2408.24,0.0,0.0
2023-06-04,5030.43,0.0,0.0,2213.39,0.0,0.0
2023-06-05,5526.79,0.0,0.0,2431.79,0.0,0.0
2023-06-06,5329.09,0.0,0.0,2344.8,0.0,0.0
2023-06-07,4911.6,0.0,0.0,2161.1,0.0,0.0
2023-06-08,5733.52,0.0,0.0,2522.75,0.0,0.0
2023-06-09,5458.05,0.0,0.0,2401.54,0.0,0.0
2023-06-10,4614.2,0.0,0.0,2030.25,0.0,0.0
2023-06-11,4891.11,0.0,0.0,2152.09,0.0,0.0
2023-06-12,5500.8,0.0,0.0,2420.35,0.0,0.0
2023-06-13,5246.09,0.0,0.0,2308.28,0.0,0.0
2023-06-14,4936.84,0.0,0.0,2172.21,0.0,0.0
2023-06-15,5554.98,0.0,0.0,2444.19,0.0,0.0
2023-06-16,5293.6,0.0,0.0,2329.18,0.0,0.0
2023-06-17,5266.06,0.0,1053.21,2317.07,0.0,0.0
2023-06-18,5219.44,0.0,0.0,2296.55,0.0,0.0
2023-06-19,5158.82,0.0,0.0,2269.88,0.0,0.0
2023-06-20,5692.11,0.0,0.0,2504.53,0.0,683.05
2023-06-21,4924.15,0.0,0.0,2166.63,0.0,0.0
2023-06-22,4865.06,0.0,0.0,2140.63,0.0,0.0
2023-06-23,4866.48,0.0,0.0,2141.25,0.0,583.98
2023-06-24,5204.81,0.0,1040.96,2290.12,0.0,624.58
2023-06-25,4673.66,0.0,0.0,2056.41,0.0,0.0
2023-06-26,4744.95,0.0,0.0,2087.78,0.0,0.0
2023-06-27,5089.56,0.0,0.0,2239.4,0.0,0.0
2023-06-28,5423.97,0.0,0.0,2386.55,0.0,0.0
2023-06-29,5181.66,0.0,0.0,2279.93,0.0,0.0
2023-06-30,5185.84,0.0,0.0,2281.77,0.0,0.0
2023-07-01,5020.01,803.2,0.0,2208.8,401.6,0.0
2023-07-02,4622.32,0.0,924.46,2033.82,0.0,554.68
2023-07-03,4629.19,0.0,0.0,2036.85,0.0,0.0
2023-07-04,5047.48,0.0,0.0,2220.89,0.0,0.0
2023-07-05,5526.5,0.0,0.0,2431.66,0.0,0.0
2023-07-06,4801.74,0.0,0.0,2112.76,0.0,0.0
2023-07-07,5696.82,0.0,0.0,2506.6,0.0,0.0
2023-07-08,5444.7,0.0,1088.94,2395.67,0.0,0.0
2023-07-09,5034.7,0.0,0.0,2215.27,0.0,0.0
2023-07-10,4604.23,0.0,0.0,2025.86,0.0,0.0
2023-07-11,5054.18,0.0,0.0,2223.84,0.0,0.0
2023-07-12,4897.39,0.0,0.0,2154.85,0.0,587.69
2023-07-13,5170.25,0.0,0.0,2274.91,0.0,0.0
2023-07-14,5600.06,0.0,0.0,2464.02,0.0,672.01
2023-07-15,5546.37,0.0,0.0,2440.4,0.0,0.0
2023-07-16,5417.44,0.0,0.0,2383.67,0.0,0.0
2023-07-17,4612.71,0.0,0.0,2029.59,0.0,0.0
2023-07-18,4962.29,0.0,0.0,2183.41,0.0,0.0
2023-07-19,5104.64,0.0,0.0,2246.04,0.0,0.0
2023-07-20,5038.2,0.0,0.0,2216.81,0.0,0.0
2023-07-21,4984.12,0.0,0.0,2193.01,0.0,0.0
2023-07-22,4721.23,0.0,0.0,2077.34,0.0,0.0
2023-07-23,5470.7,0.0,1094.14,2407.11,0.0,656.48
2023-07-24,5643.96,0.0,0.0,2483.34,0.0,677.28
2023-07-25,5305.9,0.0,0.0,2334.59,0.0,636.71
2023-07-26,5043.54,0.0,0.0,2219.16,0.0,0.0
2023-07-27,4735.97,0.0,0.0,2083.83,0.0,568.32
2023-07-28,4635.4,0.0,0.0,2039.57,0.0,0.0
2023-07-29,5091.6,0.0,0.0,2240.3,0.0,0.0
2023-07-30,5526.68,0.0,0.0,2431.74,0.0,0.0
2023-07-31,5209.58,0.0,0.0,2292.22,0.0,0.0
2023-08-01,5354.09,856.65,0.0,2355.8,428.33,0.0
2023-08-02,5483.79,0.0,0.0,2412.87,0.0,0.0
2023-08-03,5734.74,0.0,0.0,2523.29,0.0,688.17
2023-08-04,5572.81,0.0,0.0,2452.04,0.0,668.74
2023-08-05,5144.55,0.0,0.0,2263.6,0.0,0.0
2023-08-06,5676.86,0.0,0.0,2497.82,0.0,0.0
2023-08-07,5067.97,0.0,0.0,2229.91,0.0,0.0
2023-08-08,5458.28,0.0,0.0,2401.64,0.0,0.0
2023-08-09,4958.95,0.0,0.0,2181.94,0.0,0.0
2023-08-10,4600.92,0.0,0.0,2024.4,0.0,0.0
2023-08-11,4652.21,0.0,0.0,2046.97,0.0,0.0
2023-08-12,5267.35,0.0,1053.47,2317.63,0.0,0.0
2023-08-13,5459.49,0.0,1091.9,2402.18,0.0,0.0
2023-08-14,4917.59,0.0,0.0,2163.74,0.0,0.0
2023-08-15,5060.37,0.0,0.0,2226.56,0.0,607.24
2023-08-16,4883.71,0.0,0.0,2148.83,0.0,0.0
2023-08-17,5150.94,0.0,0.0,2266.41,0.0,0.0
2023-08-18,5553.95,0.0,0.0,2443.74,0.0,0.0
2023-08-19,4913.51,0.0,0.0,2161.94,0.0,0.0
2023-08-20,5582.28,0.0,0.0,2456.2,0.0,0.0
2023-08-21,5097.52,0.0,0.0,2242.91,0.0,0.0
2023-08-22,5696.26,0.0,0.0,2506.36,0.0,0.0
2023-08-23,4965.51,0.0,0.0,2184.82,0.0,0.0
2023-08-24,5001.68,0.0,0.0,2200.74,0.0,0.0
2023-08-25,5564.74,0.0,0.0,2448.48,0.0,0.0
2023-08-26,5581.64,0.0,1116.33,2455.92,0.0,0.0
2023-08-27,4685.92,0.0,0.0,2061.81,0.0,0.0
2023-08-28,5590.24,0.0,0.0,2459.71,0.0,0.0
2023-08-29,5333.14,0.0,0.0,2346.58,0.0,0.0
2023-08-30,4935.6,0.0,0.0,2171.67,0.0,0.0
2023-08-31,5565.02,0.0,0.0,2448.61,0.0,0.0
2023-09-01,5023.58,803.77,0.0,2210.38,401.89,0.0
2023-09-02,4905.71,0.0,0.0,2158.51,0.0,0.0
2023-09-03,4831.73,0.0,0.0,2125.96,0.0,0.0
2023-09-04,5413.51,0.0,0.0,2381.94,0.0,0.0
2023-09-05,5025.38,0.0,0.0,2211.17,0.0,0.0
2023-09-06,4858.3,0.0,0.0,2137.65,0.0,0.0
2023-09-07,4791.55,0.0,0.0,2108.28,0.0,0.0
2023-09-08,5684.26,0.0,0.0,2501.07,0.0,0.0
2023-09-09,5613.5,0.0,0.0,2469.94,0.0,0.0
2023-09-10,4725.79,0.0,0.0,2079.35,0.0,0.0
2023-09-11,5201.65,0.0,0.0,2288.72,0.0,0.0
2023-09-12,5609.38,0.0,0.0,2468.13,0.0,673.13
2023-09-13,5274.32,0.0,0.0,2320.7,0.0,0.0
2023-09-14,4640.35,0.0,0.0,2041.75,0.0,0.0
2023-09-15,5116.57,0.0,0.0,2251.29,0.0,0.0
2023-09-16,5703.29,0.0,0.0,2509.45,0.0,0.0
2023-09-17,5112.51,0.0,0.0,2249.51,0.0,613.5
2023-09-18,5087.56,0.0,0.0,2238.53,0.0,0.0
2023-09-19,5568.36,0.0,0.0,2450.08,0.0,0.0
2023-09-20,4721.6,0.0,0.0,2077.5,0.0,0.0
2023-09-21,4706.36,0.0,0.0,2070.8,0.0,0.0
2023-09-22,5531.48,0.0,0.0,2433.85,0.0,0.0
2023-09-23,4609.62,0.0,921.92,2028.23,0.0,0.0
2023-09-24,5055.36,0.0,0.0,2224.36,0.0,0.0
2023-09-25,4992.11,0.0,0.0,2196.53,0.0,0.0
2023-09-26,5400.35,0.0,0.0,2376.15,0.0,0.0
2023-09-27,5246.62,0.0,0.0,2308.51,0.0,0.0
2023-09-28,4846.28,0.0,0.0,2132.36,0.0,0.0
2023-09-29,5534.08,0.0,0.0,2434.99,0.0,0.0
2023-09-30,5447.34,0.0,0.0,2396.83,0.0,0.0
2023-10-01,5604.22,896.68,0.0,2465.86,448.34,0.0
2023-10-02,5344.71,0.0,0.0,2351.67,0.0,0.0
2023-10-03,4743.96,0.0,0.0,2087.34,0.0,0.0
2023-10-04,5115.65,0.0,0.0,2250.89,0.0,0.0
2023-10-05,4731.84,0.0,0.0,2082.01,0.0,0.0
2023-10-06,4806.08,0.0,0.0,2114.68,0.0,0.0
2023-10-07,5700.01,0.0,0.0,2508.01,0.0,0.0
2023-10-08,5079.9,0.0,1015.98,2235.16,0.0,0.0
2023-10-09,4738.29,0.0,0.0,2084.85,0.0,0.0
2023-10-10,5274.44,0.0,0.0,2320.76,0.0,0.0
2023-10-11,5679.66,0.0,0.0,2499.05,0.0,0.0
2023-10-12,4911.18,0.0,0.0,2160.92,0.0,0.0
2023-10-13,5575.58,0.0,0.0,2453.26,0.0,0.0
2023-10-14,5152.15,0.0,0.0,2266.95,0.0,0.0
2023-10-15,4894.11,0.0,0.0,2153.41,0.0,0.0
2023-10-16,4827.83,0.0,0.0,2124.25,0.0,0.0
2023-10-17,5272.01,0.0,0.0,2319.68,0.0,0.0
2023-10-18,4988.45,0.0,0.0,2194.92,0.0,0.0
2023-10-19,5123.08,0.0,0.0,2254.15,0.0,614.77
2023-10-20,5166.24,0.0,0.0,2273.14,0.0,0.0
2023-10-21,5041.44,0.0,1008.29,2218.24,0.0,0.0
2023-10-22,5514.52,0.0,0.0,2426.39,0.0,0.0
2023-10-23,4960.21,0.0,0.0,2182.49,0.0,0.0
2023-10-24,5310.22,0.0,0.0,2336.49,0.0,0.0
2023-10-25,4715.5,0.0,0.0,2074.82,0.0,0.0
2023-10-26,5349.83,0.0,0.0,2353.93,0.0,0.0
2023-10-27,4799.4,0.0,0.0,2111.73,0.0,0.0
2023-10-28,4798.93,0.0,0.0,2111.53,0.0,0.0
2023-10-29,5061.98,0.0,0.0,2227.27,0.0,0.0
2023-10-30,5490.31,0.0,0.0,2415.74,0.0,0.0
2023-10-31,5634.87,0.0,0.0,2479.34,0.0,676.18
2023-11-01,5463.81,874.21,0.0,2404.08,437.1,0.0
2023-11-02,5497.73,0.0,0.0,2419.0,0.0,0.0
2023-11-03,4937.77,0.0,0.0,2172.62,0.0,0.0
2023-11-04,4741.21,0.0,0.0,2086.13,0.0,0.0
2023-11-05,5396.08,0.0,0.0,2374.27,0.0,0.0
2023-11-06,5433.5,0.0,0.0,2390.74,0.0,0.0
2023-11-07,4740.36,0.0,0.0,2085.76,0.0,0.0
2023-11-08,4959.23,0.0,0.0,2182.06,0.0,0.0
2023-11-09,5108.18,0.0,0.0,2247.6,0.0,0.0
2023-11-10,5467.89,0.0,0.0,2405.87,0.0,0.0
2023-11-11,5023.68,0.0,0.0,2210.42,0.0,0.0
2023-11-12,5545.33,0.0,0.0,2439.94,0.0,0.0
2023-11-13,4691.76,0.0,0.0,2064.37,0.0,0.0
2023-11-14,5073.34,0.0,0.0,2232.27,0.0,0.0
2023-11-15,5312.69,0.0,0.0,2337.58,0.0,0.0
2023-11-16,5625.57,0.0,0.0,2475.25,0.0,0.0
2023-11-17,5359.04,0.0,0.0,2357.98,0.0,0.0
2023-11-18,5543.36,0.0,0.0,2439.08,0.0,0.0
2023-11-19,5195.5,0.0,0.0,2286.02,0.0,0.0
2023-11-20,5170.59,0.0,0.0,2275.06,0.0,0.0
2023-11-21,5066.95,0.0,0.0,2229.46,0.0,0.0
2023-11-22,4831.51,0.0,0.0,2125.86,0.0,0.0
2023-11-23,5062.66,0.0,0.0,2227.57,0.0,0.0
2023-11-24,5296.88,0.0,0.0,2330.63,0.0,0.0
2023-11-25,5051.51,0.0,0.0,2222.66,0.0,0.0
2023-11-26,5619.37,0.0,0.0,2472.52,0.0,0.0
2023-11-27,4840.17,0.0,0.0,2129.67,0.0,0.0
2023-11-28,5657.84,0.0,0.0,2489.45,0.0,0.0
2023-11-29,5557.76,0.0,0.0,2445.42,0.0,0.0
2023-11-30,5710.85,0.0,0.0,2512.77,0.0,0.0
2023-12-01,5033.8,805.41,0.0,2214.87,402.7,0.0
2023-12-02,5428.67,0.0,0.0,2388.61,0.0,0.0
2023-12-03,4843.48,0.0,968.7,2131.13,0.0,0.0
2023-12-04,4733.46,0.0,0.0,2082.72,0.0,0.0
2023-12-05,4942.41,0.0,0.0,2174.66,0.0,0.0
2023-12-06,5030.98,0.0,0.0,2213.63,0.0,0.0
2023-12-07,5083.35,0.0,0.0,2236.68,0.0,0.0
2023-12-08,5172.14,0.0,0.0,2275.74,0.0,0.0
2023-12-09,5274.83,0.0,1054.97,2320.93,0.0,632.98
2023-12-10,5612.81,0.0,0.0,2469.64,0.0,0.0
2023-12-11,4834.27,0.0,0.0,2127.08,0.0,0.0
2023-12-12,5503.19,0.0,0.0,2421.4,0.0,0.0
2023-12-13,4657.55,0.0,0.0,2049.32,0.0,0.0
2023-12-14,4606.67,0.0,0.0,2026.94,0.0,552.8
2023-12-15,4612.86,0.0,0.0,2029.66,0.0,0.0
2023-12-16,4974.67,0.0,0.0,2188.85,0.0,0.0
2023-12-17,4715.45,0.0,0.0,2074.8,0.0,0.0
2023-12-18,4991.16,0.0,0.0,2196.11,0.0,0.0
2023-12-19,4951.44,0.0,0.0,2178.63,0.0,0.0
2023-12-20,4893.49,0.0,0.0,2153.14,0.0,0.0
2023-12-21,5448.6,0.0,0.0,2397.39,0.0,0.0
2023-12-22,4713.79,0.0,0.0,2074.07,0.0,565.66
2023-12-23,5324.43,0.0,1064.89,2342.75,0.0,0.0
2023-12-24,4956.08,0.0,0.0,2180.68,0.0,594.73
2023-12-25,4760.25,0.0,0.0,2094.51,0.0,0.0
2023-12-26,5461.68,0.0,0.0,2403.14,0.0,0.0
2023-12-27,5446.78,0.0,0.0,2396.58,0.0,0.0
2023-12-28,5554.07,0.0,0.0,2443.79,0.0,0.0
2023-12-29,5023.17,0.0,0.0,2210.2,0.0,602.78
2023-12-30,4766.32,0.0,0.0,2097.18,0.0,0.0
2023-12-31,5150.72,0.0,1030.14,2266.32,0.0,0.0
2024-01-01,6126.52,953.01,0.0,2450.61,953.01,0.0
2024-01-02,5099.47,0.0,0.0,2039.79,0.0,0.0
2024-01-03,5639.22,0.0,0.0,2255.69,0.0,0.0
2024-01-04,5462.0,0.0,0.0,2184.8,0.0,0.0
2024-01-05,6125.93,0.0,0.0,2450.37,0.0,1089.05
2024-01-06,5040.09,0.0,0.0,2016.04,0.0,0.0
2024-01-07,5380.34,0.0,0.0,2152.14,0.0,0.0
2024-01-08,5042.56,0.0,0.0,2017.03,0.0,0.0
2024-01-09,5508.33,0.0,0.0,2203.33,0.0,0.0
2024-01-10,6009.88,0.0,0.0,2403.95,0.0,0.0
2024-01-11,5106.08,0.0,0.0,2042.43,0.0,0.0
2024-01-12,5758.08,0.0,0.0,2303.23,0.0,0.0
2024-01-13,5964.02,0.0,1988.01,2385.61,0.0,0.0
2024-01-14,5260.98,0.0,0.0,2104.39,0.0,0.0
2024-01-15,5661.95,0.0,0.0,2264.78,0.0,0.0
2024-01-16,5512.29,0.0,0.0,2204.91,0.0,0.0
2024-01-17,5791.6,0.0,0.0,2316.64,0.0,0.0
2024-01-18,5615.1,0.0,0.0,2246.04,0.0,0.0
2024-01-19,5969.9,0.0,0.0,2387.96,0.0,0.0
2024-01-20,5824.6,0.0,0.0,2329.84,0.0,0.0
2024-01-21,5220.24,0.0,0.0,2088.1,0.0,0.0
2024-01-22,5476.41,0.0,0.0,2190.56,0.0,973.58
2024-01-23,5424.31,0.0,0.0,2169.72,0.0,0.0
2024-01-24,5496.46,0.0,0.0,2198.58,0.0,0.0
2024-01-25,5528.63,0.0,0.0,2211.45,0.0,982.87
2024-01-26,5553.1,0.0,0.0,2221.24,0.0,0.0
2024-01-27,5260.91,0.0,0.0,2104.36,0.0,0.0
2024-01-28,5537.09,0.0,1845.7,2214.83,0.0,0.0
2024-01-29,6070.97,0.0,0.0,2428.39,0.0,0.0
2024-01-30,5064.1,0.0,0.0,2025.64,0.0,0.0
2024-01-31,6045.2,0.0,0.0,2418.08,0.0,0.0
2024-02-01,5075.14,789.47,0.0,2030.06,789.47,0.0
2024-02-02,4997.05,0.0,0.0,1998.82,0.0,0.0
2024-02-03,6190.9,0.0,0.0,2476.36,0.0,0.0
2024-02-04,5958.71,0.0,0.0,2383.48,0.0,0.0
2024-02-05,5286.67,0.0,0.0,2114.67,0.0,0.0
2024-02-06,5747.74,0.0,0.0,2299.1,0.0,0.0
2024-02-07,5569.81,0.0,0.0,2227.92,0.0,0.0
2024-02-08,5262.19,0.0,0.0,2104.87,0.0,0.0
2024-02-09,5007.17,0.0,0.0,2002.87,0.0,0.0
2024-02-10,5888.11,0.0,1962.7,2355.24,0.0,0.0
2024-02-11,5705.74,0.0,0.0,2282.3,0.0,0.0
2024-02-12,4984.64,0.0,0.0,1993.86,0.0,0.0
2024-02-13,6176.53,0.0,0.0,2470.61,0.0,0.0
2024-02-14,5788.44,0.0,0.0,2315.38,0.0,0.0
2024-02-15,5945.23,0.0,0.0,2378.09,0.0,0.0
2024-02-16,5175.8,0.0,0.0,2070.32,0.0,0.0
2024-02-17,5635.56,0.0,0.0,2254.22,0.0,0.0
2024-02-18,5446.76,0.0,0.0,2178.7,0.0,0.0
2024-02-19,5934.17,0.0,0.0,2373.67,0.0,0.0
2024-02-20,5982.74,0.0,0.0,2393.1,0.0,0.0
2024-02-21,6114.95,0.0,0.0,2445.98,0.0,0.0
2024-02-22,5598.79,0.0,0.0,2239.52,0.0,0.0
2024-02-23,5575.04,0.0,0.0,2230.02,0.0,0.0
2024-02-24,5763.88,0.0,0.0,2305.55,0.0,0.0
2024-02-25,6053.18,0.0,0.0,2421.27,0.0,0.0
2024-02-26,5107.66,0.0,0.0,2043.06,0.0,0.0
2024-02-27,5353.13,0.0,0.0,2141.25,0.0,0.0
2024-02-28,5611.08,0.0,0.0,2244.43,0.0,0.0
2024-02-29,5097.11,0.0,0.0,2038.84,0.0,0.0
2024-03-01,6203.33,964.96,0.0,2481.33,964.96,0.0
2024-03-02,5523.37,0.0,0.0,2209.35,0.0,0.0
2024-03-03,5704.16,0.0,0.0,2281.66,0.0,0.0
2024-03-04,5194.4,0.0,0.0,2077.76,0.0,0.0
2024-03-05,5744.56,0.0,0.0,2297.82,0.0,0.0
2024-03-06,5907.88,0.0,0.0,2363.15,0.0,0.0
2024-03-07,5560.46,0.0,0.0,2224.18,0.0,0.0
2024-03-08,5790.01,0.0,0.0,2316.01,0.0,0.0
2024-03-09,5834.55,0.0,1944.85,2333.82,0.0,0.0
2024-03-10,5338.88,0.0,0.0,2135.55,0.0,0.0
2024-03-11,5708.65,0.0,0.0,2283.46,0.0,0.0
2024-03-12,5076.82,0.0,0.0,2030.73,0.0,0.0
2024-03-13,5075.37,0.0,0.0,2030.15,0.0,0.0
2024-03-14,5445.8,0.0,0.0,2178.32,0.0,0.0
2024-03-15,5496.69,0.0,0.0,2198.68,0.0,977.19
2024-03-16,5246.89,0.0,0.0,2098.76,0.0,0.0
2024-03-17,6160.74,0.0,0.0,2464.3,0.0,0.0
2024-03-18,5438.29,0.0,0.0,2175.32,0.0,0.0
2024-03-19,5364.34,0.0,0.0,2145.74,0.0,0.0
2024-03-20,5303.61,0.0,0.0,2121.44,0.0,0.0
2024-03-21,6113.26,0.0,0.0,2445.31,0.0,0.0
2024-03-22,5451.63,0.0,0.0,2180.65,0.0,0.0
2024-03-23,5596.18,0.0,0.0,2238.47,0.0,0.0
2024-03-24,5094.39,0.0,0.0,2037.76,0.0,0.0
2024-03-25,5752.3,0.0,0.0,2300.92,0.0,0.0
2024-03-26,5672.13,0.0,0.0,2268.85,0.0,1008.38
2024-03-27,5266.45,0.0,0.0,2106.58,0.0,936.26
2024-03-28,6058.74,0.0,0.0,2423.5,0.0,0.0
2024-03-29,4977.96,0.0,0.0,1991.18,0.0,0.0
2024-03-30,5439.69,0.0,0.0,2175.87,0.0,0.0
2024-03-31,5231.19,0.0,0.0,2092.48,0.0,929.99
2024-04-01,6024.89,937.21,0.0,2409.96,937.21,0.0
2024-04-02,5543.32,0.0,0.0,2217.33,0.0,0.0
2024-04-03,5734.52,0.0,0.0,2293.81,0.0,0.0
2024-04-04,5019.31,0.0,0.0,2007.73,0.0,0.0
2024-04-05,5681.79,0.0,0.0,2272.71,0.0,0.0
2024-04-06,5493.75,0.0,1831.25,2197.5,0.0,0.0
2024-04-07,5007.77,0.0,0.0,2003.11,0.0,0.0
2024-04-08,5111.43,0.0,0.0,2044.57,0.0,0.0
2024-04-09,6125.7,0.0,0.0,2450.28,0.0,0.0
2024-04-10,5987.39,0.0,0.0,2394.96,0.0,0.0
2024-04-11,6130.27,0.0,0.0,2452.11,0.0,0.0
2024-04-12,5716.93,0.0,0.0,2286.77,0.0,0.0
2024-04-13,5789.49,0.0,1929.83,2315.8,0.0,0.0
2024-04-14,5407.81,0.0,0.0,2163.12,0.0,0.0
2024-04-15,5779.95,0.0,0.0,2311.98,0.0,0.0
2024-04-16,5667.39,0.0,0.0,2266.95,0.0,1007.54
2024-04-17,5537.41,0.0,0.0,2214.97,0.0,0.0
2024-04-18,5084.98,0.0,0.0,2033.99,0.0,904.0
2024-04-19,6094.96,0.0,0.0,2437.98,0.0,0.0
2024-04-20,5701.24,0.0,0.0,2280.5,0.0,0.0
2024-04-21,5106.38,0.0,1702.13,2042.55,0.0,0.0
2024-04-22,5469.44,0.0,0.0,2187.77,0.0,0.0
2024-04-23,5650.5,0.0,0.0,2260.2,0.0,0.0
2024-04-24,5696.57,0.0,0.0,2278.63,0.0,0.0
2024-04-25,6111.89,0.0,0.0,2444.75,0.0,0.0
2024-04-26,5383.91,0.0,0.0,2153.56,0.0,0.0
2024-04-27,5514.14,0.0,0.0,2205.65,0.0,0.0
2024-04-28,5261.3,0.0,0.0,2104.52,0.0,0.0
2024-04-29,5528.06,0.0,0.0,2211.23,0.0,0.0
2024-04-30,5881.81,0.0,0.0,2352.72,0.0,0.0
2024-05-01,5662.39,880.82,0.0,2264.95,880.82,0.0
2024-05-02,5023.45,0.0,0.0,2009.38,0.0,0.0
2024-05-03,5792.46,0.0,0.0,2316.98,0.0,0.0
2024-05-04,5423.75,0.0,1807.92,2169.5,0.0,0.0
2024-05-05,5575.42,0.0,0.0,2230.17,0.0,0.0
2024-05-06,5373.87,0.0,0.0,2149.55,0.0,0.0
2024-05-07,5435.44,0.0,0.0,2174.18,0.0,0.0
2024-05-08,5883.87,0.0,0.0,2353.55,0.0,0.0
2024-05-09,6031.0,0.0,0.0,2412.4,0.0,0.0
2024-05-10,5860.47,0.0,0.0,2344.19,0.0,0.0
2024-05-11,6139.73,0.0,0.0,2455.89,0.0,0.0
2024-05-12,5130.21,0.0,0.0,2052.08,0.0,0.0
2024-05-13,5890.36,0.0,0.0,2356.14,0.0,1047.17
2024-05-14,5708.38,0.0,0.0,2283.35,0.0,0.0
2024-05-15,5761.81,0.0,0.0,2304.72,0.0,0.0
2024-05-16,5024.44,0.0,0.0,2009.77,0.0,0.0
2024-05-17,5609.48,0.0,0.0,2243.79,0.0,0.0
2024-05-18,5249.96,0.0,0.0,2099.98,0.0,0.0
2024-05-19,5494.25,0.0,0.0,2197.7,0.0,0.0
2024-05-20,5012.01,0.0,0.0,2004.8,0.0,0.0
2024-05-21,5948.09,0.0,0.0,2379.24,0.0,0.0
2024-05-22,5614.14,0.0,0.0,2245.66,0.0,0.0
2024-05-23,5754.25,0.0,0.0,2301.7,0.0,0.0
2024-05-24,5034.82,0.0,0.0,2013.93,0.0,0.0
2024-05-25,5665.53,0.0,0.0,2266.21,0.0,0.0
2024-05-26,5026.03,0.0,0.0,2010.41,0.0,0.0
2024-05-27,5162.71,0.0,0.0,2065.08,0.0,0.0
2024-05-28,6177.17,0.0,0.0,2470.87,0.0,0.0
2024-05-29,5973.9,0.0,0.0,2389.56,0.0,1062.03
2024-05-30,5757.18,0.0,0.0,2302.87,0.0,0.0
2024-05-31,5299.49,0.0,0.0,2119.79,0.0,0.0
2024-06-01,5130.68,798.11,0.0,2052.27,798.11,0.0
2024-06-02,5743.41,0.0,0.0,2297.37,0.0,0.0
2024-06-03,5200.03,0.0,0.0,2080.01,0.0,0.0
2024-06-04,5338.49,0.0,0.0,2135.4,0.0,0.0
2024-06-05,5567.97,0.0,0.0,2227.19,0.0,0.0
2024-06-06,5768.09,0.0,0.0,2307.24,0.0,0.0
2024-06-07,5225.24,0.0,0.0,2090.1,0.0,0.0
2024-06-08,6139.53,0.0,0.0,2455.81,0.0,0.0
2024-06-09,5430.66,0.0,0.0,2172.26,0.0,0.0
2024-06-10,5624.34,0.0,0.0,2249.74,0.0,0.0
2024-06-11,5101.92,0.0,0.0,2040.77,0.0,0.0
2024-06-12,5850.51,0.0,0.0,2340.21,0.0,0.0
2024-06-13,5866.55,0.0,0.0,2346.62,0.0,0.0
2024-06-14,6068.18,0.0,0.0,2427.27,0.0,0.0
2024-06-15,5184.03,0.0,0.0,2073.61,0.0,0.0
2024-06-16,6206.15,0.0,0.0,2482.46,0.0,0.0
2024-06-17,5250.64,0.0,0.0,2100.26,0.0,0.0
2024-06-18,5511.22,0.0,0.0,2204.49,0.0,0.0
2024-06-19,5466.33,0.0,0.0,2186.53,0.0,0.0
2024-06-20,5597.68,0.0,0.0,2239.07,0.0,0.0
2024-06-21,5929.76,0.0,0.0,2371.9,0.0,1054.18
2024-06-22,5908.26,0.0,0.0,2363.3,0.0,0.0
2024-06-23,6038.24,0.0,2012.75,2415.3,0.0,0.0
2024-06-24,5268.21,0.0,0.0,2107.29,0.0,0.0
2024-06-25,6080.6,0.0,0.0,2432.24,0.0,0.0
2024-06-26,5712.81,0.0,0.0,2285.13,0.0,0.0
2024-06-27,5545.57,0.0,0.0,2218.23,0.0,0.0
2024-06-28,5147.93,0.0,0.0,2059.17,0.0,0.0
2024-06-29,5583.76,0.0,0.0,2233.5,0.0,992.67
2024-06-30,5057.39,0.0,1685.8,2022.96,0.0,0.0
2024-07-01,5256.87,817.73,0.0,2102.75,817.73,0.0
2024-07-02,5634.75,0.0,0.0,2253.9,0.0,0.0
2024-07-03,6140.07,0.0,0.0,2456.03,0.0,0.0
2024-07-04,6007.58,0.0,0.0,2403.03,0.0,1068.02
2024-07-05,6151.62,0.0,0.0,2460.65,0.0,0.0
2024-07-06,5972.24,0.0,0.0,2388.9,0.0,0.0
2024-07-07,5004.0,0.0,0.0,2001.6,0.0,0.0
2024-07-08,5869.18,0.0,0.0,2347.67,0.0,0.0
2024-07-09,5774.74,0.0,0.0,2309.89,0.0,0.0
2024-07-10,5398.3,0.0,0.0,2159.32,0.0,0.0
2024-07-11,5100.41,0.0,0.0,2040.17,0.0,0.0
2024-07-12,5842.9,0.0,0.0,2337.16,0.0,0.0
2024-07-13,5441.13,0.0,0.0,2176.45,0.0,0.0
2024-07-14,5463.57,0.0,0.0,2185.43,0.0,0.0
2024-07-15,5041.67,0.0,0.0,2016.67,0.0,0.0
2024-07-16,5585.87,0.0,0.0,2234.35,0.0,993.04
2024-07-17,6194.45,0.0,0.0,2477.78,0.0,0.0
2024-07-18,5697.91,0.0,0.0,2279.16,0.0,0.0
2024-07-19,4994.3,0.0,0.0,1997.72,0.0,0.0
2024-07-20,5086.71,0.0,0.0,2034.68,0.0,904.3
2024-07-21,5766.42,0.0,0.0,2306.57,0.0,0.0
2024-07-22,5053.24,0.0,0.0,2021.3,0.0,0.0
2024-07-23,5754.93,0.0,0.0,2301.97,0.0,0.0
2024-07-24,5369.91,0.0,0.0,2147.97,0.0,954.65
2024-07-25,5880.29,0.0,0.0,2352.12,0.0,0.0
2024-07-26,6076.73,0.0,0.0,2430.69,0.0,0.0
2024-07-27,5382.73,0.0,0.0,2153.09,0.0,0.0
2024-07-28,5725.54,0.0,0.0,2290.22,0.0,0.0
2024-07-29,5402.95,0.0,0.0,2161.18,0.0,0.0
2024-07-30,5813.99,0.0,0.0,2325.59,0.0,0.0
2024-07-31,5527.31,0.0,0.0,2210.93,0.0,0.0
2024-08-01,5014.68,780.06,0.0,2005.87,780.06,0.0
2024-08-02,5689.87,0.0,0.0,2275.95,0.0,0.0
2024-08-03,4976.6,0.0,1658.87,1990.64,0.0,0.0
2024-08-04,5861.45,0.0,0.0,2344.58,0.0,0.0
2024-08-05,5844.42,0.0,0.0,2337.77,0.0,0.0
2024-08-06,6043.81,0.0,0.0,2417.52,0.0,0.0
2024-08-07,5419.74,0.0,0.0,2167.9,0.0,0.0
2024-08-08,5258.35,0.0,0.0,2103.34,0.0,0.0
2024-08-09,5310.56,0.0,0.0,2124.23,0.0,0.0
2024-08-10,5141.73,0.0,0.0,2056.69,0.0,0.0
2024-08-11,5515.14,0.0,0.0,2206.06,0.0,0.0
2024-08-12,5266.77,0.0,0.0,2106.71,0.0,0.0
2024-08-13,5512.38,0.0,0.0,2204.95,0.0,0.0
2024-08-14,5312.44,0.0,0.0,2124.98,0.0,0.0
2024-08-15,5326.56,0.0,0.0,2130.62,0.0,0.0
2024-08-16,5776.93,0.0,0.0,2310.77,0.0,0.0
2024-08-17,5080.88,0.0,0.0,2032.35,0.0,0.0
2024-08-18,5395.53,0.0,0.0,2158.21,0.0,0.0
2024-08-19,5074.95,0.0,0.0,2029.98,0.0,0.0
2024-08-20,5007.99,0.0,0.0,2003.19,0.0,0.0
2024-08-21,6129.63,0.0,0.0,2451.85,0.0,0.0
2024-08-22,5136.94,0.0,0.0,2054.78,0.0,0.0
2024-08-23,5730.99,0.0,0.0,2292.4,0.0,0.0
2024-08-24,6197.01,0.0,2065.67,2478.81,0.0,0.0
2024-08-25,5796.05,0.0,0.0,2318.42,0.0,1030.41
2024-08-26,5382.33,0.0,0.0,2152.93,0.0,0.0
2024-08-27,6020.25,0.0,0.0,2408.1,0.0,0.0
2024-08-28,5059.02,0.0,0.0,2023.61,0.0,0.0
2024-08-29,5825.31,0.0,0.0,2330.13,0.0,0.0
2024-08-30,5847.55,0.0,0.0,2339.02,0.0,1039.57
2024-08-31,5092.25,0.0,0.0,2036.9,0.0,0.0
2024-09-01,5632.4,876.15,0.0,2252.96,876.15,0.0
2024-09-02,5168.32,0.0,0.0,2067.33,0.0,0.0
2024-09-03,5030.34,0.0,0.0,2012.14,0.0,894.28
2024-09-04,6111.4,0.0,0.0,2444.56,0.0,0.0
2024-09-05,6089.46,0.0,0.0,2435.79,0.0,0.0
2024-09-06,5989.68,0.0,0.0,2395.87,0.0,0.0
2024-09-07,5078.29,0.0,0.0,2031.31,0.0,0.0
2024-09-08,5536.7,0.0,0.0,2214.68,0.0,984.3
2024-09-09,5098.74,0.0,0.0,2039.49,0.0,0.0
2024-09-10,5397.68,0.0,0.0,2159.07,0.0,0.0
2024-09-11,5808.95,0.0,0.0,2323.58,0.0,0.0
2024-09-12,5419.59,0.0,0.0,2167.84,0.0,0.0
2024-09-13,5643.78,0.0,0.0,2257.51,0.0,0.0
2024-09-14,5067.81,0.0,0.0,2027.12,0.0,0.0
2024-09-15,5781.63,0.0,0.0,2312.65,0.0,0.0
2024-09-16,5271.14,0.0,0.0,2108.46,0.0,0.0
2024-09-17,6206.69,0.0,0.0,2482.68,0.0,0.0
2024-09-18,5044.97,0.0,0.0,2017.99,0.0,0.0
2024-09-19,6050.57,0.0,0.0,2420.23,0.0,0.0
2024-09-20,5029.38,0.0,0.0,2011.75,0.0,0.0
2024-09-21,5202.94,0.0,0.0,2081.18,0.0,0.0
2024-09-22,6151.95,0.0,0.0,2460.78,0.0,0.0
2024-09-23,5075.55,0.0,0.0,2030.22,0.0,0.0
2024-09-24,5039.16,0.0,0.0,2015.66,0.0,0.0
2024-09-25,5689.53,0.0,0.0,2275.81,0.0,0.0
2024-09-26,5944.1,0.0,0.0,2377.64,0.0,0.0
2024-09-27,6115.33,0.0,0.0,2446.13,0.0,0.0
2024-09-28,5261.82,0.0,0.0,2104.73,0.0,0.0
2024-09-29,6182.65,0.0,0.0,2473.06,0.0,0.0
2024-09-30,5374.89,0.0,0.0,2149.96,0.0,0.0
2024-10-01,5684.27,884.22,0.0,2273.71,884.22,0.0
